2.960949495900421793e-04,7.540794904343781687e-04,8.304644725285470486e-04,1.511163453000000000e+09,0.000000000000000000e+00
2.324354863958432728e-04,8.483163546770811081e-04,7.492915028706192970e-04,1.511163513000000000e+09,0.000000000000000000e+00
3.161999047733844411e-04,8.564278250560163367e-04,6.507943035103380680e-04,1.511163573000000000e+09,0.000000000000000000e+00
2.546596806496381760e-04,7.680022390559315681e-04,6.085316999815405499e-04,1.511163633000000000e+09,1.000000000000000000e+00
3.767014713957905769e-04,6.834641098976135254e-04,7.191979675553740155e-04,1.511163693000000000e+09,0.000000000000000000e+00
3.051652747672051191e-04,6.885513430461287498e-04,7.114576292224227298e-04,1.511163753000000000e+09,1.000000000000000000e+00
2.267717936774715781e-04,7.253452786244453084e-04,6.931613315828143466e-04,1.511163813000000000e+09,0.000000000000000000e+00
2.772329025901854580e-04,7.002106285654007304e-04,6.528770318254829537e-04,1.511163873000000000e+09,0.000000000000000000e+00
2.829753793776035309e-04,8.032376063056290150e-04,7.400349713861940123e-04,1.511163933000000000e+09,1.000000000000000000e+00
3.433811652939766645e-04,8.563338196836413037e-04,6.481506861746311188e-04,1.511163993000000000e+09,1.000000000000000000e+00
3.556419105734675581e-04,8.396398625336587429e-04,7.766298949718475342e-04,1.511164053000000000e+09,1.000000000000000000e+00
3.772914060391485691e-04,8.646599017083645951e-04,6.692808819934724677e-04,1.511164113000000000e+09,1.000000000000000000e+00
2.715696755331009626e-04,7.634309004060926222e-04,6.850102217867969382e-04,1.511164173000000000e+09,0.000000000000000000e+00
3.262265236116945744e-04,7.540667429566382278e-04,6.130199180915952813e-04,1.511164233000000000e+09,1.000000000000000000e+00
3.076784487348049879e-04,8.400707156397401202e-04,6.271669408306480538e-04,1.511164293000000000e+09,1.000000000000000000e+00
3.218567871954291517e-04,7.510166033171117306e-04,5.902859265916049480e-04,1.511164353000000000e+09,1.000000000000000000e+00
2.253375423606484857e-04,8.463696576654909957e-04,5.343794473446905613e-04,1.511164413000000000e+09,0.000000000000000000e+00
2.582165179774165154e-04,7.996567874215542186e-04,5.701599875465036523e-04,1.511164473000000000e+09,0.000000000000000000e+00
2.906355075538158417e-04,8.196036797016859055e-04,6.498084403574466705e-04,1.511164533000000000e+09,1.000000000000000000e+00
2.749183622654527968e-04,8.042380213737486709e-04,6.377379177138209343e-04,1.511164593000000000e+09,1.000000000000000000e+00
4.460450436454265768e-04,8.117888355627653815e-04,5.945080774836242199e-04,1.511164653000000000e+09,1.000000000000000000e+00
3.432577359490096569e-04,7.200808031484485757e-04,6.016332190483809602e-04,1.511164713000000000e+09,1.000000000000000000e+00
2.493005304131656885e-04,7.235303637571633946e-04,4.524790856521577185e-04,1.511164773000000000e+09,1.000000000000000000e+00
3.239554062020033598e-04,7.199821411632001400e-04,6.201098440214991570e-04,1.511164833000000000e+09,1.000000000000000000e+00
2.919122925959528035e-04,6.722225807607172835e-04,6.109663518145679343e-04,1.511164893000000000e+09,1.000000000000000000e+00
2.964649465866386348e-04,8.346306858584284782e-04,6.290593883022665977e-04,1.511164953000000000e+09,1.000000000000000000e+00
3.850487410090863705e-04,7.115118787623940814e-04,6.968089728616178036e-04,1.511165013000000000e+09,1.000000000000000000e+00
3.818614059127867222e-04,8.187672356143593788e-04,5.441093817353248596e-04,1.511165073000000000e+09,1.000000000000000000e+00
2.656419528648256171e-04,8.108813781291245330e-04,6.601851782761513103e-04,1.511165133000000000e+09,0.000000000000000000e+00
2.335614844923838431e-04,7.914977613836527955e-04,5.698870518244802952e-04,1.511165193000000000e+09,0.000000000000000000e+00
2.988958149217069149e-04,7.281179423443973064e-04,6.538115558214486729e-04,1.511165253000000000e+09,0.000000000000000000e+00
2.476282825227826834e-04,7.195989601314067841e-04,7.589873275719581950e-04,1.511165313000000000e+09,0.000000000000000000e+00
2.656458527781068737e-04,6.076577701605856419e-04,6.754742353223263133e-04,1.511165373000000000e+09,0.000000000000000000e+00
3.270550514571368694e-04,5.699864123016594756e-04,6.486998754553496838e-04,1.511165433000000000e+09,0.000000000000000000e+00
2.922469866462051868e-04,6.530021782964469087e-04,6.568607059307396412e-04,1.511165493000000000e+09,0.000000000000000000e+00
2.320529893040656230e-04,6.848727352917194366e-04,6.095710559748112071e-04,1.511165553000000000e+09,0.000000000000000000e+00
2.900136169046164101e-04,7.939056959003210068e-04,6.879271240904927254e-04,1.511165613000000000e+09,0.000000000000000000e+00
2.860587555915116180e-04,6.927206413820385933e-04,7.748251082375644553e-04,1.511165673000000000e+09,0.000000000000000000e+00
3.138914471492171288e-04,7.388690719380972601e-04,8.686057990416883338e-04,1.511165733000000000e+09,0.000000000000000000e+00
3.202816878911107779e-04,7.150854216888546944e-04,7.197301601991055228e-04,1.511165793000000000e+09,0.000000000000000000e+00
3.167870745528488809e-04,8.720487821847200394e-04,7.280533318407833576e-04,1.511165853000000000e+09,0.000000000000000000e+00
2.539856068324297124e-04,7.819088059477505900e-04,7.565142004750669003e-04,1.511165913000000000e+09,0.000000000000000000e+00
2.273949939990415898e-04,7.774445111863315105e-04,9.117627632804217123e-04,1.511165973000000000e+09,0.000000000000000000e+00
2.403453690931200168e-04,8.746587554924190044e-04,8.121239952743052352e-04,1.511166033000000000e+09,0.000000000000000000e+00
2.116054529324173114e-04,9.815595112740989163e-04,7.165612187236546386e-04,1.511166093000000000e+09,0.000000000000000000e+00
2.153803507098928094e-04,8.277087472379206527e-04,8.744868682697414268e-04,1.511166153000000000e+09,0.000000000000000000e+00
2.911163610406219959e-04,7.965939003042876720e-04,8.026981377042829990e-04,1.511166213000000000e+09,0.000000000000000000e+00
3.219167410861701315e-04,8.752303547225891460e-04,8.643256151117383350e-04,1.511166273000000000e+09,0.000000000000000000e+00
2.545965544413775206e-04,8.555757231079043042e-04,7.811695686541497707e-04,1.511166333000000000e+09,0.000000000000000000e+00
3.151274577248840982e-04,9.030303917825223100e-04,8.145647007040678371e-04,1.511166393000000000e+09,0.000000000000000000e+00
2.937216486316174269e-04,9.615312446840109609e-04,6.835218518972396851e-04,1.511166453000000000e+09,0.000000000000000000e+00
2.965090097859501297e-04,8.677649893797934055e-04,8.384104585275055062e-04,1.511166513000000000e+09,0.000000000000000000e+00
3.090126265306025201e-04,9.368887986056505550e-04,8.263652562163769115e-04,1.511166573000000000e+09,0.000000000000000000e+00
3.760035033337771893e-04,1.096777501516043923e-03,8.871665922924877297e-04,1.511166633000000000e+09,0.000000000000000000e+00
2.332736330572515997e-04,9.562128689140080321e-04,8.099848055280743945e-04,1.511166693000000000e+09,0.000000000000000000e+00
2.664210915099828893e-04,8.874450577422976494e-04,8.945873123593627322e-04,1.511166753000000000e+09,0.000000000000000000e+00
4.441028868313878775e-04,8.764942758716643941e-04,8.527566678822040558e-04,1.511166813000000000e+09,0.000000000000000000e+00
2.779213828034698963e-04,8.106656605377794396e-04,8.216148708015679229e-04,1.511166873000000000e+09,0.000000000000000000e+00
3.313586639706045389e-04,7.697603432461619377e-04,6.752014742232858050e-04,1.511166933000000000e+09,0.000000000000000000e+00
3.407273616176098585e-04,8.929190807975828648e-04,8.546182652935385704e-04,1.511166993000000000e+09,0.000000000000000000e+00
3.713695041369646788e-04,9.328966261819003928e-04,8.115870296023784984e-04,1.511167053000000000e+09,0.000000000000000000e+00
2.732652064878493005e-04,1.020665629766881466e-03,7.017578464001418244e-04,1.511167113000000000e+09,0.000000000000000000e+00
2.797623747028409893e-04,1.091704121790826321e-03,8.398357895202934742e-04,1.511167173000000000e+09,0.000000000000000000e+00
3.774184151552617550e-04,1.074646599590778351e-03,6.636523175984621048e-04,1.511167233000000000e+09,0.000000000000000000e+00
3.356093366164714098e-04,8.787113474681972373e-04,6.227617268450559270e-04,1.511167293000000000e+09,0.000000000000000000e+00
2.637901925481855869e-04,9.488479117862881314e-04,7.514826138503849506e-04,1.511167353000000000e+09,0.000000000000000000e+00
2.750115236267448014e-04,9.199458290822805058e-04,7.844409556128082491e-04,1.511167413000000000e+09,0.000000000000000000e+00
3.022365563083440065e-04,9.620383498258886553e-04,7.942015072330832481e-04,1.511167473000000000e+09,0.000000000000000000e+00
2.080862468574195558e-04,9.560448816046118736e-04,6.916116108186542988e-04,1.511167533000000000e+09,0.000000000000000000e+00
2.238879533251747489e-04,8.674951386637985706e-04,8.078409009613095630e-04,1.511167593000000000e+09,0.000000000000000000e+00
2.281408378621563044e-04,7.314556278288365495e-04,6.869628559798002243e-04,1.511167653000000000e+09,0.000000000000000000e+00
2.138583513442426649e-04,7.484712405130267143e-04,8.627920760773122311e-04,1.511167713000000000e+09,0.000000000000000000e+00
2.483150165062397718e-04,7.835630676709115505e-04,7.322988822124897349e-04,1.511167773000000000e+09,0.000000000000000000e+00
2.519539557397365028e-04,7.325332262553273547e-04,7.295719697140157223e-04,1.511167833000000000e+09,1.000000000000000000e+00
2.891112235374749249e-04,8.171758963726462018e-04,7.583053084090352058e-04,1.511167893000000000e+09,0.000000000000000000e+00
2.566332696005702019e-04,8.003204129636286605e-04,7.855153526179491389e-04,1.511167953000000000e+09,0.000000000000000000e+00
2.560408029239624739e-04,7.263925508596003056e-04,6.860923022031784058e-04,1.511168013000000000e+09,0.000000000000000000e+00
2.457524533383547718e-04,8.275297004729508269e-04,7.959719514474272728e-04,1.511168073000000000e+09,0.000000000000000000e+00
3.288035222794860601e-04,8.797188638709484447e-04,7.134056650102139603e-04,1.511168133000000000e+09,1.000000000000000000e+00
2.244728093501180139e-04,7.891149725764988769e-04,8.792768348939714648e-04,1.511168193000000000e+09,1.000000000000000000e+00
2.386597188888117671e-04,7.834188872948290002e-04,6.934410193935037743e-04,1.511168253000000000e+09,1.000000000000000000e+00
2.192208921769633618e-04,9.007223416119812835e-04,8.475484792143105376e-04,1.511168313000000000e+09,1.000000000000000000e+00
2.174470137106254426e-04,8.304939256049692631e-04,9.266858687624336373e-04,1.511168373000000000e+09,0.000000000000000000e+00
2.001919201575219360e-04,8.162086014635859836e-04,6.846218020655215871e-04,1.511168433000000000e+09,0.000000000000000000e+00
2.102637517964467406e-04,8.886639843694866788e-04,6.634712917730212212e-04,1.511168493000000000e+09,1.000000000000000000e+00
1.943149400176480412e-04,9.711281745694576610e-04,7.102938252501188625e-04,1.511168553000000000e+09,1.000000000000000000e+00
2.489197067916392738e-04,9.378051618114111639e-04,7.055008900351821292e-04,1.511168613000000000e+09,1.000000000000000000e+00
2.268595999339595708e-04,9.160611662082375180e-04,7.578647928312420845e-04,1.511168673000000000e+09,1.000000000000000000e+00
2.673597482498735189e-04,1.084103249013423920e-03,7.535224431194366109e-04,1.511168733000000000e+09,0.000000000000000000e+00
2.567636838648467714e-04,8.316754829138515211e-04,7.223141146823763847e-04,1.511168793000000000e+09,0.000000000000000000e+00
2.677753218449651111e-04,7.984563708305358887e-04,7.847236120142041553e-04,1.511168853000000000e+09,0.000000000000000000e+00
2.555268583819270134e-04,8.542419527657330036e-04,9.223098168149589408e-04,1.511168913000000000e+09,0.000000000000000000e+00
3.438342828303575516e-04,9.066347847692668438e-04,6.746511789970099926e-04,1.511168973000000000e+09,0.000000000000000000e+00
2.793397870846092701e-04,8.552217041142284870e-04,7.532577728852628577e-04,1.511169033000000000e+09,0.000000000000000000e+00
2.652570547070354223e-04,7.738440763205289841e-04,9.416124667041003704e-04,1.511169093000000000e+09,0.000000000000000000e+00
3.288415609858929569e-04,8.816066547296941280e-04,6.823632284067572247e-04,1.511169153000000000e+09,0.000000000000000000e+00
3.149073163513093645e-04,9.056020062416793000e-04,8.671890245750546455e-04,1.511169213000000000e+09,0.000000000000000000e+00
2.937201061286032200e-04,8.770534768700598586e-04,8.369139395654201508e-04,1.511169273000000000e+09,0.000000000000000000e+00
2.924370637629180605e-04,8.012398029677569866e-04,6.894794641993940961e-04,1.511169333000000000e+09,0.000000000000000000e+00
2.830786979757249355e-04,6.106009823270143163e-04,6.241555674932897091e-04,1.511169393000000000e+09,0.000000000000000000e+00
3.491872921586036682e-04,6.617610924877224184e-04,6.473872927017508853e-04,1.511169453000000000e+09,0.000000000000000000e+00
3.935617569368333167e-04,8.247810765169561993e-04,8.268750971183180809e-04,1.511169513000000000e+09,0.000000000000000000e+00
2.813672472257167101e-04,8.637310820631683957e-04,7.177302031777800214e-04,1.511169573000000000e+09,0.000000000000000000e+00
2.858357620425522870e-04,9.322193800471724164e-04,6.728970329277216304e-04,1.511169633000000000e+09,0.000000000000000000e+00
2.781022631097584963e-04,9.730710880830887232e-04,6.842225557193160057e-04,1.511169693000000000e+09,0.000000000000000000e+00
3.134855651296675205e-04,9.554841089993715286e-04,5.232450785115360129e-04,1.511169753000000000e+09,0.000000000000000000e+00
2.655383141245692968e-04,8.106488967314361442e-04,6.694766925647856973e-04,1.511169813000000000e+09,0.000000000000000000e+00
2.426975552225485444e-04,8.002867107279596545e-04,6.184634403325616229e-04,1.511169873000000000e+09,0.000000000000000000e+00
2.558238629717379808e-04,8.921374683268367160e-04,6.844274466857313026e-04,1.511169933000000000e+09,0.000000000000000000e+00
2.948939218185842037e-04,9.040464647114275802e-04,6.774846697226166725e-04,1.511169993000000000e+09,0.000000000000000000e+00
2.941542770713568276e-04,8.147220942191779613e-04,6.451260996982455254e-04,1.511170053000000000e+09,0.000000000000000000e+00
3.082471084780991620e-04,8.612797828391193259e-04,6.764609133824706078e-04,1.511170113000000000e+09,0.000000000000000000e+00
2.989853965118527955e-04,7.694335654377937317e-04,8.505709120072423328e-04,1.511170173000000000e+09,0.000000000000000000e+00
2.565699105616658926e-04,7.494544843211770058e-04,7.736342377029356088e-04,1.511170233000000000e+09,0.000000000000000000e+00
3.277446085121482611e-04,8.425320265814661980e-04,7.628581952303647995e-04,1.511170293000000000e+09,0.000000000000000000e+00
2.707086969166994095e-04,8.919420652091502059e-04,6.406689644791185856e-04,1.511170353000000000e+09,0.000000000000000000e+00
2.854774356819688732e-04,9.046159102581439234e-04,6.325335707515479218e-04,1.511170413000000000e+09,0.000000000000000000e+00
2.730642154347152060e-04,8.983764564618467200e-04,7.855785079300403595e-04,1.511170473000000000e+09,0.000000000000000000e+00
2.606748312246054411e-04,8.431204478256403316e-04,7.317626732401548732e-04,1.511170533000000000e+09,0.000000000000000000e+00
2.677760203368961269e-04,7.982290699146687984e-04,7.110080332495272160e-04,1.511170593000000000e+09,0.000000000000000000e+00
2.840349916368722916e-04,9.070024825632572174e-04,6.852599908597767353e-04,1.511170653000000000e+09,0.000000000000000000e+00
2.488758182153105736e-04,9.746992145664992117e-04,7.672950159758330476e-04,1.511170713000000000e+09,0.000000000000000000e+00
2.931360504589974880e-04,9.107481455430386282e-04,8.062474662438035011e-04,1.511170773000000000e+09,0.000000000000000000e+00
2.601126034278422594e-04,9.125882643274962902e-04,7.500125793740153313e-04,1.511170833000000000e+09,0.000000000000000000e+00
2.546307805459946394e-04,8.122178260236977447e-04,7.005314109846949577e-04,1.511170893000000000e+09,0.000000000000000000e+00
2.936176315415650606e-04,8.597866399213669516e-04,7.508221897296608579e-04,1.511170953000000000e+09,0.000000000000000000e+00
2.912819618359208107e-04,8.675932767800985683e-04,6.992079433985054493e-04,1.511171013000000000e+09,0.000000000000000000e+00
2.842301619239151478e-04,7.905045640654861927e-04,7.228327449411153793e-04,1.511171073000000000e+09,0.000000000000000000e+00
2.805302501656115055e-04,8.773543522693215716e-04,6.599187618121504784e-04,1.511171133000000000e+09,0.000000000000000000e+00
3.029476793017238379e-04,7.273581577464935995e-04,6.800571572966872562e-04,1.511171193000000000e+09,0.000000000000000000e+00
3.311040927655994892e-04,7.850959664210677147e-04,7.430764962919055331e-04,1.511171253000000000e+09,0.000000000000000000e+00
3.568366519175469875e-04,7.928172708488999713e-04,6.050406955182551253e-04,1.511171313000000000e+09,0.000000000000000000e+00
3.190459683537483215e-04,8.224515477195383202e-04,6.758029921911656857e-04,1.511171373000000000e+09,0.000000000000000000e+00
3.289869055151939392e-04,8.203095057979226112e-04,7.305209292098879814e-04,1.511171433000000000e+09,0.000000000000000000e+00
3.440846048761159182e-04,9.294324554502962936e-04,6.620294880121946335e-04,1.511171493000000000e+09,0.000000000000000000e+00
2.627159410621970892e-04,8.252506959252059460e-04,6.613633013330399990e-04,1.511171553000000000e+09,0.000000000000000000e+00
3.092036349698900634e-04,8.065752917900681496e-04,8.086856687441468239e-04,1.511171613000000000e+09,0.000000000000000000e+00
2.662584302015603131e-04,7.914036978036165237e-04,5.306978709995746613e-04,1.511171673000000000e+09,0.000000000000000000e+00
3.742910921573638916e-04,8.114459342323243618e-04,5.590298096649348736e-04,1.511171733000000000e+09,1.000000000000000000e+00
4.124879778828471899e-04,8.081329870037734509e-04,7.255422533489764821e-04,1.511171793000000000e+09,1.000000000000000000e+00
4.035313031636177951e-04,9.382686694152652133e-04,5.478698294609785080e-04,1.511171853000000000e+09,1.000000000000000000e+00
3.375752421561628038e-04,9.201739449054001678e-04,6.497361464425921440e-04,1.511171913000000000e+09,1.000000000000000000e+00
3.073368861805648154e-04,9.469084325246513974e-04,6.548554520122705806e-04,1.511171973000000000e+09,1.000000000000000000e+00
3.673921455629169399e-04,9.907460771501064301e-04,6.215224275365471840e-04,1.511172033000000000e+09,0.000000000000000000e+00
4.392811388242989779e-04,8.620263542979954589e-04,5.182824679650366306e-04,1.511172093000000000e+09,0.000000000000000000e+00
3.064466000068933314e-04,9.777930099517109178e-04,5.456665530800819397e-04,1.511172153000000000e+09,1.000000000000000000e+00
3.605308884289116209e-04,1.016638823784887791e-03,6.117190350778400898e-04,1.511172213000000000e+09,0.000000000000000000e+00
3.668488934636116028e-04,1.041985000483691692e-03,6.246431148611010205e-04,1.511172273000000000e+09,0.000000000000000000e+00
4.078651836607605219e-04,9.104575728997588158e-04,7.377002621069548346e-04,1.511172333000000000e+09,1.000000000000000000e+00
3.165196976624429226e-04,9.633576846681535244e-04,6.092149997130036354e-04,1.511172393000000000e+09,1.000000000000000000e+00
2.719197655096649581e-04,9.679226204752919890e-04,5.486801383085548878e-04,1.511172453000000000e+09,1.000000000000000000e+00
2.706653613131493330e-04,9.155811858363447405e-04,5.308086401782929897e-04,1.511172513000000000e+09,1.000000000000000000e+00
2.943454892374575138e-04,9.468229254707692969e-04,5.856198840774594653e-04,1.511172573000000000e+09,1.000000000000000000e+00
3.354230429977178032e-04,9.152399143204094064e-04,5.100162234157323837e-04,1.511172633000000000e+09,1.000000000000000000e+00
3.056924033444374800e-04,9.869246277958154678e-04,6.195229361765086651e-04,1.511172693000000000e+09,1.000000000000000000e+00
3.403635637369006330e-04,8.431170135736465454e-04,6.368667236529289592e-04,1.511172753000000000e+09,0.000000000000000000e+00
3.727046132553368807e-04,8.787336992099882256e-04,5.628974176943303239e-04,1.511172813000000000e+09,1.000000000000000000e+00
3.133201680611819571e-04,8.264640928246079791e-04,7.362689357250927795e-04,1.511172873000000000e+09,1.000000000000000000e+00
3.621414361987262964e-04,7.449550903402268887e-04,7.049680571071804654e-04,1.511172933000000000e+09,0.000000000000000000e+00
2.705788065213710612e-04,5.981109570711851120e-04,7.118348730728030205e-04,1.511172993000000000e+09,0.000000000000000000e+00
3.191429132129996473e-04,6.797913229092955589e-04,6.066936766728758812e-04,1.511173053000000000e+09,0.000000000000000000e+00
3.153486468363552743e-04,7.448252872563897479e-04,7.213220815174281597e-04,1.511173113000000000e+09,0.000000000000000000e+00
3.445420588832348043e-04,8.815512992441652037e-04,6.188817205838859081e-04,1.511173173000000000e+09,0.000000000000000000e+00
2.688123495317995548e-04,7.469617994502185691e-04,6.429696804843842983e-04,1.511173233000000000e+09,0.000000000000000000e+00
2.482481650076806003e-04,8.465718128718436849e-04,6.545083597302436829e-04,1.511173293000000000e+09,0.000000000000000000e+00
3.111054538749158382e-04,8.768673287704586983e-04,5.322414217516780984e-04,1.511173353000000000e+09,0.000000000000000000e+00
2.484577125869691372e-04,6.390595226548612118e-04,5.812271265313028205e-04,1.511173413000000000e+09,0.000000000000000000e+00
2.652887487784028053e-04,6.260178633965552937e-04,6.612370489165187966e-04,1.511173473000000000e+09,0.000000000000000000e+00
3.157495229970663786e-04,6.870129727758467197e-04,7.214619545266032219e-04,1.511173533000000000e+09,0.000000000000000000e+00
3.222811210434883833e-04,6.890877266414463520e-04,7.013709982857108116e-04,1.511173593000000000e+09,0.000000000000000000e+00
3.591494751162827557e-04,7.485795067623257637e-04,7.057850598357616771e-04,1.511173653000000000e+09,0.000000000000000000e+00
4.384503117762505466e-04,7.427056552842258323e-04,7.721898728050291538e-04,1.511173713000000000e+09,0.000000000000000000e+00
4.513748863246291876e-04,8.011189056560396064e-04,5.148794152773916721e-04,1.511173773000000000e+09,0.000000000000000000e+00
4.083379462826996500e-04,7.342650787904857505e-04,6.407949840649962425e-04,1.511173833000000000e+09,0.000000000000000000e+00
4.318554711062461138e-04,7.963381358422338963e-04,7.223317516036330569e-04,1.511173893000000000e+09,0.000000000000000000e+00
3.243584360461681539e-04,6.950045935809612274e-04,6.504536140710115433e-04,1.511173953000000000e+09,0.000000000000000000e+00
2.506265300326049328e-04,8.352497825399042260e-04,6.743745179846882820e-04,1.511174013000000000e+09,0.000000000000000000e+00
2.568028576206415892e-04,9.968529921025037766e-04,6.459318683482706547e-04,1.511174073000000000e+09,0.000000000000000000e+00
2.597012207843363285e-04,8.417019271291792393e-04,6.380911218002440714e-04,1.511174133000000000e+09,0.000000000000000000e+00
2.540722780395299196e-04,7.445705123245715011e-04,6.654004682786762714e-04,1.511174193000000000e+09,0.000000000000000000e+00
2.743743243627249652e-04,7.695646490901708603e-04,6.546378717757761478e-04,1.511174253000000000e+09,0.000000000000000000e+00
2.522529975976795500e-04,7.408620440401135791e-04,7.082272786647081375e-04,1.511174313000000000e+09,0.000000000000000000e+00
3.632063744589686394e-04,8.150628418661653996e-04,7.175243226811289787e-04,1.511174373000000000e+09,0.000000000000000000e+00
2.941459533758461475e-04,7.931927684694528580e-04,6.863675080239772797e-04,1.511174433000000000e+09,0.000000000000000000e+00
3.390558122191578150e-04,8.782441727817057479e-04,5.973277147859334946e-04,1.511174493000000000e+09,0.000000000000000000e+00
3.888226929120719975e-04,9.797534439712760664e-04,5.624401965178548206e-04,1.511174553000000000e+09,0.000000000000000000e+00
4.610368632711470669e-04,1.014229143038392067e-03,6.015818216837943684e-04,1.511174613000000000e+09,0.000000000000000000e+00
4.293537058401852846e-04,8.415398770011961460e-04,5.494325887411832809e-04,1.511174673000000000e+09,0.000000000000000000e+00
3.678347275126724351e-04,8.476986549794675004e-04,6.329474272206426751e-04,1.511174733000000000e+09,0.000000000000000000e+00
2.676014264579862356e-04,9.808827890083193779e-04,6.433608941733837128e-04,1.511174793000000000e+09,0.000000000000000000e+00
2.598237479105591774e-04,9.056449052877723086e-04,4.907770780846477639e-04,1.511174853000000000e+09,0.000000000000000000e+00
3.423394518904387951e-04,9.194412850774824619e-04,5.120178684592245925e-04,1.511174913000000000e+09,0.000000000000000000e+00
2.764071687124669010e-04,8.687559165991841663e-04,5.840274970978498459e-04,1.511174973000000000e+09,0.000000000000000000e+00
3.902831813320517540e-04,8.440357050858438015e-04,5.450108437798917294e-04,1.511175033000000000e+09,0.000000000000000000e+00
2.840900851879268885e-04,8.433526381850241531e-04,6.186288665048778057e-04,1.511175093000000000e+09,0.000000000000000000e+00
2.877294609788804704e-04,8.236490539275108684e-04,6.098176236264408719e-04,1.511175153000000000e+09,0.000000000000000000e+00
2.788689744193106890e-04,7.390391547232865203e-04,5.538410041481255401e-04,1.511175213000000000e+09,0.000000000000000000e+00
2.822058741003274918e-04,8.322186768054962158e-04,6.075748242437838424e-04,1.511175273000000000e+09,0.000000000000000000e+00
2.973543305415660143e-04,8.021772373467683792e-04,6.023687892593444478e-04,1.511175333000000000e+09,0.000000000000000000e+00
2.582466113381088322e-04,7.485527894459663737e-04,8.284279610961674560e-04,1.511175393000000000e+09,0.000000000000000000e+00
2.675862051546573097e-04,8.025264251045881618e-04,6.809020414948464524e-04,1.511175453000000000e+09,0.000000000000000000e+00
2.570001524873077869e-04,7.155911880545319211e-04,5.706343799829483032e-04,1.511175513000000000e+09,0.000000000000000000e+00
2.785659162327647209e-04,7.598578813485801220e-04,6.441822042688727379e-04,1.511175573000000000e+09,0.000000000000000000e+00
2.383364917477593368e-04,7.703812443651257861e-04,5.470063188113272190e-04,1.511175633000000000e+09,1.000000000000000000e+00
2.561260771472007578e-04,6.769314641132950783e-04,5.907990853302180767e-04,1.511175693000000000e+09,0.000000000000000000e+00
2.590516232885420322e-04,7.772103999741374362e-04,5.318974144756793976e-04,1.511175753000000000e+09,0.000000000000000000e+00
3.035682020708918571e-04,7.116681081242859364e-04,6.810546619817615640e-04,1.511175813000000000e+09,1.000000000000000000e+00
3.389309567864984274e-04,6.591460551135241985e-04,7.977239438332619451e-04,1.511175873000000000e+09,0.000000000000000000e+00
3.460387815721333027e-04,6.706959684379399907e-04,8.532683132216334343e-04,1.511175933000000000e+09,1.000000000000000000e+00
2.838640066329389811e-04,8.081710548140108585e-04,8.170874789357185364e-04,1.511175993000000000e+09,1.000000000000000000e+00
2.860877139028161764e-04,8.823851239867507327e-04,9.177374304272232271e-04,1.511176053000000000e+09,1.000000000000000000e+00
3.000812721438705379e-04,8.929761243052781712e-04,7.647456950508058071e-04,1.511176113000000000e+09,1.000000000000000000e+00
2.681820769794284213e-04,8.303005597554147243e-04,7.935617468319834363e-04,1.511176173000000000e+09,0.000000000000000000e+00
2.420929231448099017e-04,8.409068104811009492e-04,8.694871212355790354e-04,1.511176233000000000e+09,1.000000000000000000e+00
2.941370184998958761e-04,7.819650927558541298e-04,8.412635070271790028e-04,1.511176293000000000e+09,1.000000000000000000e+00
2.614317636471241713e-04,8.001043461263179779e-04,6.978069432079792023e-04,1.511176353000000000e+09,0.000000000000000000e+00
2.641965984366833622e-04,8.757050381973385811e-04,7.297744741663335670e-04,1.511176413000000000e+09,0.000000000000000000e+00
3.178518381901085377e-04,9.413703228347003460e-04,8.035392966121435165e-04,1.511176473000000000e+09,1.000000000000000000e+00
3.407257609069347924e-04,8.502202690578997135e-04,8.024577982723714005e-04,1.511176533000000000e+09,1.000000000000000000e+00
3.130286640953272581e-04,7.522519445046782494e-04,8.006293792277574539e-04,1.511176593000000000e+09,1.000000000000000000e+00
3.753344353754072839e-04,8.211733656935395979e-04,7.499171188101171363e-04,1.511176653000000000e+09,1.000000000000000000e+00
3.107984666712581569e-04,8.334600715897977352e-04,8.181055891327559948e-04,1.511176713000000000e+09,1.000000000000000000e+00
2.880601095966994762e-04,7.592877955175935138e-04,8.791540749371052873e-04,1.511176773000000000e+09,1.000000000000000000e+00
2.606738416943698579e-04,7.135184132494031299e-04,8.971901843324302543e-04,1.511176833000000000e+09,0.000000000000000000e+00
2.427000290481373126e-04,7.987509598024190556e-04,7.599833770655094493e-04,1.511176893000000000e+09,0.000000000000000000e+00
2.510746417101472616e-04,8.304268703795969486e-04,7.388081285171209682e-04,1.511176953000000000e+09,0.000000000000000000e+00
2.844065020326524973e-04,8.787891129031777382e-04,6.784303113818167556e-04,1.511177013000000000e+09,0.000000000000000000e+00
2.736257447395473719e-04,9.137253509834407676e-04,6.951802060939371586e-04,1.511177073000000000e+09,0.000000000000000000e+00
2.374385658185928789e-04,8.903112029656767845e-04,6.661263178102671016e-04,1.511177133000000000e+09,0.000000000000000000e+00
2.661197795532643795e-04,8.908692398108543050e-04,7.138049113564192165e-04,1.511177193000000000e+09,0.000000000000000000e+00
2.964851737488061190e-04,9.185335366055367209e-04,6.961413309909402240e-04,1.511177253000000000e+09,0.000000000000000000e+00
2.343241067137568918e-04,9.113401756621896136e-04,6.791059859097003937e-04,1.511177313000000000e+09,0.000000000000000000e+00
2.785650140140205622e-04,6.529328529722989690e-04,8.149062050506471503e-04,1.511177373000000000e+09,0.000000000000000000e+00
2.327818074263631755e-04,6.775797228328883648e-04,9.492842364124951578e-04,1.511177433000000000e+09,0.000000000000000000e+00
2.510825870558619499e-04,6.265189731493592262e-04,8.715538424439727176e-04,1.511177493000000000e+09,0.000000000000000000e+00
2.939723490271717310e-04,8.696016739122569561e-04,7.970253354869784009e-04,1.511177553000000000e+09,0.000000000000000000e+00
3.206420515198260004e-04,9.791798656806349754e-04,6.755953072570264339e-04,1.511177613000000000e+09,0.000000000000000000e+00
3.977161541115493667e-04,9.766331641003487326e-04,8.518997346982358802e-04,1.511177673000000000e+09,0.000000000000000000e+00
3.069091762881726027e-04,1.058256835676729679e-03,6.274355691857634891e-04,1.511177733000000000e+09,0.000000000000000000e+00
3.068791702389716560e-04,9.851813083514571190e-04,7.777704158797859061e-04,1.511177793000000000e+09,0.000000000000000000e+00
2.574161044321954792e-04,1.140522537752985954e-03,6.372340722009539604e-04,1.511177853000000000e+09,0.000000000000000000e+00
2.820502268150448799e-04,1.027220394462347031e-03,7.054071757011116635e-04,1.511177913000000000e+09,0.000000000000000000e+00
2.506577002350240946e-04,1.002390286885201931e-03,6.232624291442333568e-04,1.511177973000000000e+09,0.000000000000000000e+00
2.686182851903140545e-04,1.067172386683523438e-03,6.275789346545935761e-04,1.511178033000000000e+09,0.000000000000000000e+00
2.319555205758660761e-04,9.814641671255233072e-04,5.707202362827955592e-04,1.511178093000000000e+09,0.000000000000000000e+00
2.241182810394093394e-04,8.205238846130669117e-04,6.481755408458411694e-04,1.511178153000000000e+09,0.000000000000000000e+00
2.877007937058806419e-04,8.755634771659969199e-04,7.201457046903669834e-04,1.511178213000000000e+09,0.000000000000000000e+00
2.655887801665812731e-04,8.290089317597448826e-04,5.724718794226646423e-04,1.511178273000000000e+09,0.000000000000000000e+00
4.247764591127634048e-04,8.019467350095511567e-04,6.047939532436429370e-04,1.511178333000000000e+09,0.000000000000000000e+00
3.565026854630559683e-04,9.252239833585917950e-04,6.459615542553365231e-04,1.511178393000000000e+09,0.000000000000000000e+00
3.724669513758271933e-04,8.736387244425714016e-04,6.274412735365331173e-04,1.511178453000000000e+09,0.000000000000000000e+00
3.653828753158450127e-04,8.688478847034275532e-04,6.615273305214940417e-04,1.511178513000000000e+09,0.000000000000000000e+00
4.282666486687958241e-04,8.209579973481594432e-04,5.304030491970480573e-04,1.511178573000000000e+09,0.000000000000000000e+00
3.389076737221330404e-04,8.722901111468671668e-04,6.462185410782694817e-04,1.511178633000000000e+09,0.000000000000000000e+00
4.586411814671009779e-04,9.189111297018828176e-04,5.952992360107600689e-04,1.511178693000000000e+09,0.000000000000000000e+00
3.689835430122911930e-04,1.003699726425111294e-03,4.603085399139673060e-04,1.511178753000000000e+09,0.000000000000000000e+00
2.825267729349434376e-04,9.262381936423482679e-04,5.924848373979330063e-04,1.511178813000000000e+09,0.000000000000000000e+00
2.922978019341826439e-04,8.956807432696222175e-04,5.805627442896365035e-04,1.511178873000000000e+09,0.000000000000000000e+00
3.067636280320584774e-04,9.474108810536562312e-04,5.541602731682360172e-04,1.511178933000000000e+09,0.000000000000000000e+00
4.083520907443016768e-04,9.131621336564419485e-04,5.337507463991643082e-04,1.511178993000000000e+09,0.000000000000000000e+00
4.224102594889701497e-04,8.643023320473729480e-04,5.399585352279244769e-04,1.511179053000000000e+09,0.000000000000000000e+00
3.443557943683117628e-04,8.972903597168623317e-04,6.544361822307108749e-04,1.511179113000000000e+09,0.000000000000000000e+00
3.700486849993467331e-04,8.961316780187189579e-04,5.535785458050669324e-04,1.511179173000000000e+09,0.000000000000000000e+00
3.548468521330505610e-04,9.173413855023682117e-04,6.329601164907217026e-04,1.511179233000000000e+09,1.000000000000000000e+00
3.562629863154143095e-04,8.529275073669849742e-04,5.710281548090279102e-04,1.511179293000000000e+09,1.000000000000000000e+00
3.354849759489297867e-04,8.805807447060943734e-04,5.621273885481059551e-04,1.511179353000000000e+09,1.000000000000000000e+00
3.093311097472906113e-04,8.296734886243940484e-04,6.181380013003944266e-04,1.511179413000000000e+09,1.000000000000000000e+00
3.715018683578819579e-04,8.930941694416105747e-04,6.212032749317586422e-04,1.511179473000000000e+09,0.000000000000000000e+00
3.970096586272119934e-04,9.199954220093785632e-04,5.974136875011025775e-04,1.511179533000000000e+09,1.000000000000000000e+00
4.079040372744202614e-04,8.744365186430516027e-04,5.165574257262051105e-04,1.511179593000000000e+09,1.000000000000000000e+00
3.483621985651552677e-04,8.436382049694657326e-04,5.617914139293134212e-04,1.511179653000000000e+09,0.000000000000000000e+00
3.869913343805819750e-04,9.183678776025773179e-04,6.628136034123599529e-04,1.511179713000000000e+09,1.000000000000000000e+00
3.429783100727945566e-04,8.247313671745359898e-04,6.021374720148742199e-04,1.511179773000000000e+09,0.000000000000000000e+00
3.651310980785638094e-04,8.754066075198351253e-04,6.915561389178037643e-04,1.511179833000000000e+09,0.000000000000000000e+00
4.647544119507073272e-04,9.180330089293420315e-04,6.112708360888064992e-04,1.511179893000000000e+09,1.000000000000000000e+00
3.731524047907441312e-04,1.035104505717754581e-03,5.285468650981784951e-04,1.511179953000000000e+09,1.000000000000000000e+00
3.367922327015548944e-04,1.002826495096087239e-03,6.465645856224000454e-04,1.511180013000000000e+09,1.000000000000000000e+00
3.419111890252679586e-04,1.018324750475585244e-03,5.627098726108671319e-04,1.511180073000000000e+09,1.000000000000000000e+00
2.795814070850610733e-04,1.186062465421855233e-03,5.683169583790004253e-04,1.511180133000000000e+09,0.000000000000000000e+00
2.912118798121809959e-04,1.123264315538108349e-03,6.162903155200183392e-04,1.511180193000000000e+09,0.000000000000000000e+00
2.489393227733671665e-04,9.714909247122707151e-04,5.554638919420540333e-04,1.511180253000000000e+09,0.000000000000000000e+00
2.445755817461758852e-04,7.726120529696345329e-04,7.329848012886939265e-04,1.511180313000000000e+09,0.000000000000000000e+00
2.814903855323792046e-04,7.566768908873200417e-04,6.634629098698496819e-04,1.511180373000000000e+09,1.000000000000000000e+00
3.311445470899343491e-04,8.858015062287448753e-04,5.873942864127458226e-04,1.511180433000000000e+09,0.000000000000000000e+00
3.023027966264635324e-04,9.551591356284916401e-04,5.632431129924952984e-04,1.511180493000000000e+09,0.000000000000000000e+00
2.595263358671217615e-04,9.297646465711296689e-04,6.494451663456856120e-04,1.511180553000000000e+09,0.000000000000000000e+00
2.548315096646547318e-04,8.003946859389542449e-04,6.801354466006158698e-04,1.511180613000000000e+09,0.000000000000000000e+00
2.502028655726462603e-04,8.526676683686674725e-04,8.176486007869243622e-04,1.511180673000000000e+09,0.000000000000000000e+00
2.227517397841438380e-04,7.933044689707458019e-04,7.324867183342576027e-04,1.511180733000000000e+09,0.000000000000000000e+00
2.631361712701618671e-04,8.416747441515326500e-04,6.316204671747983586e-04,1.511180793000000000e+09,0.000000000000000000e+00
2.762255317065865344e-04,8.733680588193236697e-04,7.931088330224157464e-04,1.511180853000000000e+09,0.000000000000000000e+00
2.587171038612723893e-04,8.276978624053298343e-04,6.344068679027258266e-04,1.511180913000000000e+09,0.000000000000000000e+00
2.616910496726631576e-04,1.000248128548264287e-03,6.591369165107608926e-04,1.511180973000000000e+09,0.000000000000000000e+00
2.543502778280526400e-04,8.924954454414545406e-04,4.592245677486062592e-04,1.511181033000000000e+09,0.000000000000000000e+00
2.520499692764132673e-04,9.442844311706720698e-04,5.600427975878119469e-04,1.511181093000000000e+09,0.000000000000000000e+00
2.348462148802354932e-04,9.219181374646722186e-04,5.761794163845479488e-04,1.511181153000000000e+09,0.000000000000000000e+00
2.233100967714563012e-04,9.201725479215384614e-04,4.748628416564316642e-04,1.511181213000000000e+09,0.000000000000000000e+00
2.231937978649512204e-04,8.790104184299706329e-04,5.456490907818078995e-04,1.511181273000000000e+09,0.000000000000000000e+00
2.087642642436548796e-04,1.002689125016331456e-03,4.824272182304412127e-04,1.511181333000000000e+09,0.000000000000000000e+00
2.841741370502859354e-04,9.782839333638546683e-04,4.775666166096925735e-04,1.511181393000000000e+09,0.000000000000000000e+00
2.856593055184930563e-04,9.715785272419452667e-04,4.149450978729873354e-04,1.511181453000000000e+09,0.000000000000000000e+00
2.879073144868016243e-04,9.711569873616099358e-04,5.696221487596631050e-04,1.511181513000000000e+09,0.000000000000000000e+00
2.467938757035880739e-04,9.000733261927961219e-04,5.696182488463820111e-04,1.511181573000000000e+09,0.000000000000000000e+00
2.697299059946089983e-04,8.560385322198270667e-04,6.057008286006747592e-04,1.511181633000000000e+09,0.000000000000000000e+00
2.795988984871655703e-04,8.739201584830880165e-04,6.495139095932244170e-04,1.511181693000000000e+09,0.000000000000000000e+00
2.970567729789763689e-04,8.707599481567742609e-04,5.750544951297342777e-04,1.511181753000000000e+09,0.000000000000000000e+00
2.548527554608881474e-04,1.022340497002005577e-03,4.815363790839911049e-04,1.511181813000000000e+09,0.000000000000000000e+00
2.197024004999548197e-04,9.030310902744531631e-04,5.570463254116475582e-04,1.511181873000000000e+09,0.000000000000000000e+00
2.408431028015912121e-04,7.867156527936458588e-04,7.744682370685042035e-04,1.511181933000000000e+09,0.000000000000000000e+00
2.061512350337580117e-04,8.642327156849205494e-04,6.817311514168977737e-04,1.511181993000000000e+09,0.000000000000000000e+00
2.408721775282174349e-04,9.123299969360232353e-04,7.215330842882393706e-04,1.511182053000000000e+09,0.000000000000000000e+00
2.274297585245222124e-04,9.697746136225762151e-04,7.717439439147711884e-04,1.511182113000000000e+09,0.000000000000000000e+00
2.324083761777728525e-04,8.534959051758050919e-04,7.869334658607839454e-04,1.511182173000000000e+09,0.000000000000000000e+00
2.421969111310317841e-04,8.625034242868422378e-04,6.645284011028707027e-04,1.511182233000000000e+09,0.000000000000000000e+00
2.872463082894682884e-04,8.849151781760153986e-04,6.855040555819867957e-04,1.511182293000000000e+09,0.000000000000000000e+00
2.221032627858221260e-04,9.213818120770156384e-04,7.424243958666919578e-04,1.511182353000000000e+09,0.000000000000000000e+00
2.480421098880470341e-04,7.798462756909431111e-04,6.145202205516397953e-04,1.511182413000000000e+09,0.000000000000000000e+00
2.076008386211469227e-04,8.106734603643418443e-04,6.138991448096932065e-04,1.511182473000000000e+09,0.000000000000000000e+00
2.262952475575731018e-04,8.604678441770373691e-04,8.471949258819223534e-04,1.511182533000000000e+09,0.000000000000000000e+00
2.140698925359174338e-04,1.035434543155133507e-03,8.883387781679631364e-04,1.511182593000000000e+09,0.000000000000000000e+00
3.170315176248550415e-04,8.960958220995960451e-04,7.650398183614014495e-04,1.511182653000000000e+09,0.000000000000000000e+00
2.524084120523183996e-04,1.115663093514740467e-03,1.037731184624135494e-03,1.511182713000000000e+09,0.000000000000000000e+00
2.548903576098382473e-04,1.090360921807587147e-03,8.561087306588888168e-04,1.511182773000000000e+09,0.000000000000000000e+00
2.425726852379739285e-04,9.361549164168535579e-04,7.458434556610882282e-04,1.511182833000000000e+09,0.000000000000000000e+00
2.522700233384966850e-04,7.853468414396046508e-04,8.816184708848595619e-04,1.511182893000000000e+09,1.000000000000000000e+00
2.802471572067589110e-04,8.831559098325667597e-04,7.181036053225398064e-04,1.511182953000000000e+09,1.000000000000000000e+00
2.584439644124358892e-04,8.271773695014419340e-04,7.848180830478669297e-04,1.511183013000000000e+09,0.000000000000000000e+00
2.795086766127496958e-04,8.557057008147238601e-04,6.605416419915856015e-04,1.511183073000000000e+09,1.000000000000000000e+00
2.467023150529711896e-04,8.798777707852422107e-04,7.934716995805501938e-04,1.511183133000000000e+09,1.000000000000000000e+00
2.914788201451301033e-04,8.544781012460589409e-04,8.657432044856250286e-04,1.511183193000000000e+09,1.000000000000000000e+00
2.876151411328464746e-04,8.097186218947173249e-04,8.207146311178802360e-04,1.511183253000000000e+09,1.000000000000000000e+00
2.694033610168844461e-04,8.049083407968281615e-04,9.174429578706623208e-04,1.511183313000000000e+09,1.000000000000000000e+00
2.405068080406636271e-04,8.315801969729362834e-04,8.696629665791987289e-04,1.511183373000000000e+09,0.000000000000000000e+00
2.700625918805599213e-04,9.478051797486839510e-04,7.265789899975060332e-04,1.511183433000000000e+09,0.000000000000000000e+00
2.329776325495913625e-04,9.563140920363367688e-04,7.033697911538183689e-04,1.511183493000000000e+09,1.000000000000000000e+00
2.625948982313275337e-04,8.400657679885625839e-04,7.628730381838977337e-04,1.511183553000000000e+09,0.000000000000000000e+00
2.750314306467770988e-04,7.189565803855657578e-04,7.199743995442984320e-04,1.511183613000000000e+09,1.000000000000000000e+00
2.589697542134672403e-04,6.995960720814764500e-04,7.730586221441625465e-04,1.511183673000000000e+09,1.000000000000000000e+00
2.456766669638454372e-04,7.056338945403695107e-04,7.881403435021638870e-04,1.511183733000000000e+09,1.000000000000000000e+00
2.612317039165644754e-04,7.030626875348389149e-04,8.202664321288466454e-04,1.511183793000000000e+09,1.000000000000000000e+00
2.362585219088941541e-04,7.325822371058166027e-04,6.569875404238700867e-04,1.511183853000000000e+09,0.000000000000000000e+00
2.630030794534832239e-04,6.257604109123348106e-04,8.323537767864761568e-04,1.511183913000000000e+09,1.000000000000000000e+00
2.437902876408770409e-04,7.049064734019339085e-04,7.598410593345761299e-04,1.511183973000000000e+09,0.000000000000000000e+00
2.472282503731548786e-04,8.076731464825569499e-04,7.776367128826676715e-04,1.511184033000000000e+09,0.000000000000000000e+00
2.238806046079844236e-04,7.590508321300148964e-04,7.432260899804531444e-04,1.511184093000000000e+09,0.000000000000000000e+00
2.426862192805856466e-04,7.830287213437259197e-04,8.998754201456904411e-04,1.511184153000000000e+09,0.000000000000000000e+00
2.400912198936566982e-04,7.871187408454717290e-04,8.110422058962285519e-04,1.511184213000000000e+09,0.000000000000000000e+00
2.429957821732386676e-04,7.111718878149985183e-04,8.242833428084849227e-04,1.511184273000000000e+09,0.000000000000000000e+00
2.692919515538960695e-04,6.704130792059004307e-04,7.568937726318835128e-04,1.511184333000000000e+09,0.000000000000000000e+00
2.487344318069517070e-04,6.858663982711732388e-04,9.633726440370083939e-04,1.511184393000000000e+09,0.000000000000000000e+00
2.647175570018589497e-04,5.858041695319116116e-04,9.173143189400433410e-04,1.511184453000000000e+09,0.000000000000000000e+00
2.339822531212120977e-04,7.042543147690594196e-04,8.206986822187900543e-04,1.511184513000000000e+09,0.000000000000000000e+00
3.243107930757104808e-04,7.786607020534577154e-04,7.907818071544168211e-04,1.511184573000000000e+09,0.000000000000000000e+00
2.381516678724437952e-04,7.424125215038657188e-04,6.918335566297174584e-04,1.511184633000000000e+09,0.000000000000000000e+00
2.218330046162009239e-04,7.901329081505538117e-04,7.700216374360024929e-04,1.511184693000000000e+09,0.000000000000000000e+00
3.073338011745364016e-04,8.389148861169816148e-04,8.570619975216686726e-04,1.511184753000000000e+09,0.000000000000000000e+00
2.852762409020215273e-04,8.489474421367050301e-04,7.239696569740771163e-04,1.511184813000000000e+09,0.000000000000000000e+00
2.157573908334597674e-04,7.577350479550659657e-04,6.504509947262705457e-04,1.511184873000000000e+09,0.000000000000000000e+00
2.642736944835633039e-04,6.660462822765111923e-04,6.728791631758213043e-04,1.511184933000000000e+09,0.000000000000000000e+00
2.794623142108320648e-04,7.271443028002977371e-04,7.014304865151643753e-04,1.511184993000000000e+09,0.000000000000000000e+00
2.427830477245152268e-04,8.128187037073074687e-04,7.794583798386157643e-04,1.511185053000000000e+09,0.000000000000000000e+00
2.250642137369140712e-04,8.148630149662494659e-04,6.747639854438602924e-04,1.511185113000000000e+09,0.000000000000000000e+00
3.153292636852711439e-04,7.673563086427749287e-04,7.066265679895877838e-04,1.511185173000000000e+09,0.000000000000000000e+00
2.604734327178448439e-04,7.008844404481351376e-04,8.334058220498262752e-04,1.511185233000000000e+09,0.000000000000000000e+00
2.534856612328439951e-04,6.886032060720025409e-04,7.705751340836286545e-04,1.511185293000000000e+09,0.000000000000000000e+00
2.931917260866611654e-04,7.330752559937535632e-04,7.672867504879832268e-04,1.511185353000000000e+09,0.000000000000000000e+00
2.420154050923883915e-04,6.697867065668106079e-04,7.572342292405666005e-04,1.511185413000000000e+09,0.000000000000000000e+00
2.561342553235589916e-04,7.639715913683176041e-04,8.420201484113931656e-04,1.511185473000000000e+09,0.000000000000000000e+00
2.510341291781514883e-04,7.921176147647200931e-04,7.841796032153068889e-04,1.511185533000000000e+09,0.000000000000000000e+00
2.146519545931368795e-04,7.630371255800127983e-04,8.806613041087986123e-04,1.511185593000000000e+09,0.000000000000000000e+00
2.190232917200773683e-04,7.812203839421272278e-04,8.876766660250724446e-04,1.511185653000000000e+09,0.000000000000000000e+00
2.258154709124937382e-04,7.133924518711863864e-04,8.821069495752454888e-04,1.511185713000000000e+09,0.000000000000000000e+00
2.084162842947989431e-04,6.846533506177365780e-04,7.517436752095817435e-04,1.511185773000000000e+09,0.000000000000000000e+00
2.501204144209623337e-04,6.839921115897595882e-04,7.512843003496526588e-04,1.511185833000000000e+09,0.000000000000000000e+00
2.461610420141368562e-04,8.182464516721665859e-04,8.833232568576934122e-04,1.511185893000000000e+09,0.000000000000000000e+00
2.467487356625497341e-04,7.822923944331705570e-04,9.544017957523465157e-04,1.511185953000000000e+09,0.000000000000000000e+00
2.367078850511461496e-04,8.002097019925713539e-04,8.296883315779267657e-04,1.511186013000000000e+09,0.000000000000000000e+00
2.839251246768981218e-04,8.044958813115953315e-04,8.756456663832065191e-04,1.511186073000000000e+09,0.000000000000000000e+00
3.207055269740521366e-04,7.800434250384569168e-04,9.506595670245587826e-04,1.511186133000000000e+09,0.000000000000000000e+00
2.545083116274327040e-04,7.962826057337222315e-04,9.497001301497220993e-04,1.511186193000000000e+09,0.000000000000000000e+00
2.580851141829043627e-04,8.228270453400909901e-04,8.166255429387090422e-04,1.511186253000000000e+09,0.000000000000000000e+00
2.910364419221877510e-04,8.547110483050344206e-04,8.712097187526524067e-04,1.511186313000000000e+09,0.000000000000000000e+00
2.479806425981224125e-04,9.443435701541601527e-04,8.660779567435382712e-04,1.511186373000000000e+09,0.000000000000000000e+00
2.792540763039141893e-04,8.120270795188844204e-04,8.348108385689555514e-04,1.511186433000000000e+09,0.000000000000000000e+00
2.476591907907277346e-04,7.995878695510325648e-04,7.134714396670461785e-04,1.511186493000000000e+09,0.000000000000000000e+00
2.269485121360048923e-04,7.844262290745972503e-04,8.293571299873292446e-04,1.511186553000000000e+09,0.000000000000000000e+00
2.256860316265374422e-04,7.663320284336804259e-04,9.602233185432851315e-04,1.511186613000000000e+09,0.000000000000000000e+00
2.404155820840969682e-04,7.630668696947395802e-04,7.354461704380809177e-04,1.511186673000000000e+09,0.000000000000000000e+00
2.224766503786667910e-04,7.327961502596735954e-04,8.485992439091205597e-04,1.511186733000000000e+09,0.000000000000000000e+00
2.134953101631253687e-04,8.950395858846605908e-04,8.434423361904918063e-04,1.511186793000000000e+09,0.000000000000000000e+00
2.295318990945816040e-04,1.003003097139298916e-03,8.088052854873239994e-04,1.511186853000000000e+09,0.000000000000000000e+00
2.447425795253366232e-04,8.578393026255072247e-04,8.206123602576553822e-04,1.511186913000000000e+09,0.000000000000000000e+00
2.535849635023624247e-04,7.654069340787829053e-04,9.009803179651497710e-04,1.511186973000000000e+09,0.000000000000000000e+00
2.470719628036022728e-04,7.503996603190898895e-04,8.185469196178020131e-04,1.511187033000000000e+09,0.000000000000000000e+00
2.501445997040718794e-04,7.270498317666350711e-04,8.792194421403110027e-04,1.511187093000000000e+09,0.000000000000000000e+00
2.539489942137151957e-04,7.167095900513231754e-04,8.941870764829217303e-04,1.511187153000000000e+09,0.000000000000000000e+00
2.371656300965696302e-04,7.293760427273810994e-04,6.498687434941530228e-04,1.511187213000000000e+09,0.000000000000000000e+00
2.564233436714857275e-04,8.825576514936984670e-04,7.421299815177917480e-04,1.511187273000000000e+09,0.000000000000000000e+00
2.474130305927246809e-04,7.884854567237198353e-04,6.476033013314007629e-04,1.511187333000000000e+09,1.000000000000000000e+00
3.511425748001784086e-04,8.573517552576958049e-04,6.133176502771675587e-04,1.511187393000000000e+09,1.000000000000000000e+00
2.365382824791595611e-04,7.767250062897801399e-04,7.269745110534130443e-04,1.511187453000000000e+09,0.000000000000000000e+00
2.566611510701476443e-04,7.322021410800515521e-04,7.689071935601533543e-04,1.511187513000000000e+09,1.000000000000000000e+00
2.161478769266977635e-04,6.368781905621289123e-04,8.681350736878812313e-04,1.511187573000000000e+09,1.000000000000000000e+00
2.991346991620956767e-04,6.817892426624895226e-04,7.277528056874870170e-04,1.511187633000000000e+09,1.000000000000000000e+00
2.481006376910955256e-04,7.333523826673626900e-04,7.470411946997045386e-04,1.511187693000000000e+09,1.000000000000000000e+00
2.454255882184952497e-04,6.144407088868319988e-04,8.057707455009223115e-04,1.511187753000000000e+09,0.000000000000000000e+00
3.126361698377876932e-04,6.715938798151910305e-04,7.233656942844390869e-04,1.511187813000000000e+09,1.000000000000000000e+00
2.699481265153735876e-04,6.657287594862282276e-04,6.989050889387727868e-04,1.511187873000000000e+09,0.000000000000000000e+00
2.945533196907490492e-04,6.292116013355553150e-04,7.621706463396549225e-04,1.511187933000000000e+09,1.000000000000000000e+00
2.516052918508648872e-04,6.849095807410776615e-04,6.392943905666471612e-04,1.511187993000000000e+09,0.000000000000000000e+00
3.697393403854220563e-04,7.183317793533205986e-04,7.042618817649781704e-04,1.511188053000000000e+09,1.000000000000000000e+00
2.882561238948255235e-04,6.726028514094651830e-04,6.735565257258712161e-04,1.511188113000000000e+09,0.000000000000000000e+00
3.688464057631791180e-04,7.444201037287712097e-04,8.495419169776140559e-04,1.511188173000000000e+09,1.000000000000000000e+00
3.421634319238364697e-04,7.900864584371446479e-04,7.636536611244082451e-04,1.511188233000000000e+09,1.000000000000000000e+00
3.712800680659711361e-04,8.128592162393035673e-04,7.531447336077689040e-04,1.511188293000000000e+09,1.000000000000000000e+00
3.947096702177077532e-04,8.590413490310310233e-04,7.036376628093420375e-04,1.511188353000000000e+09,0.000000000000000000e+00
3.295644710306078738e-04,8.179462165571749210e-04,7.155335624702274799e-04,1.511188413000000000e+09,1.000000000000000000e+00
3.092430415563284809e-04,8.560344576835633408e-04,7.270727655850351941e-04,1.511188473000000000e+09,1.000000000000000000e+00
3.735558129847049713e-04,7.391952094621953096e-04,7.106963312253355980e-04,1.511188533000000000e+09,0.000000000000000000e+00
4.195100045762956142e-04,8.037886000238360059e-04,6.960245082154868949e-04,1.511188593000000000e+09,0.000000000000000000e+00
3.176776808686554432e-04,8.376821642741562020e-04,7.352078682743012905e-04,1.511188653000000000e+09,0.000000000000000000e+00
2.769707061816006899e-04,8.405671105720102787e-04,7.998993387445806373e-04,1.511188713000000000e+09,0.000000000000000000e+00
2.927914320025593042e-04,8.419795776717363704e-04,7.861482445150613785e-04,1.511188773000000000e+09,0.000000000000000000e+00
3.008296771440654993e-04,7.907893741503356803e-04,7.814725977368652821e-04,1.511188833000000000e+09,0.000000000000000000e+00
4.010656557511537725e-04,7.490228163078426231e-04,8.090213523246348988e-04,1.511188893000000000e+09,0.000000000000000000e+00
3.552324487827717716e-04,7.601942052133381367e-04,8.156003314070403576e-04,1.511188953000000000e+09,0.000000000000000000e+00
2.193276886828244004e-04,7.776828133501112461e-04,8.692019036971032619e-04,1.511189013000000000e+09,0.000000000000000000e+00
2.531791978981345892e-04,5.919319228269158710e-04,7.645030273124576699e-04,1.511189073000000000e+09,0.000000000000000000e+00
3.470955125521867925e-04,6.039866711944341660e-04,6.745478021912276745e-04,1.511189133000000000e+09,0.000000000000000000e+00
3.135284350719303435e-04,7.198684616014360297e-04,8.520255214534701001e-04,1.511189193000000000e+09,0.000000000000000000e+00
2.764917444437742233e-04,6.983542698435484279e-04,7.838807650841772556e-04,1.511189253000000000e+09,0.000000000000000000e+00
2.777451300062239170e-04,7.038529729470609534e-04,6.936861318536103856e-04,1.511189313000000000e+09,0.000000000000000000e+00
2.838132204487919807e-04,7.375774439424275268e-04,8.674184209667145122e-04,1.511189373000000000e+09,0.000000000000000000e+00
2.931787457782775164e-04,8.412754978053272855e-04,7.574745104648172855e-04,1.511189433000000000e+09,0.000000000000000000e+00
3.374103398527950048e-04,7.590790046378970146e-04,6.263711256906391274e-04,1.511189493000000000e+09,0.000000000000000000e+00
3.783394349738956040e-04,7.497144397348165512e-04,6.828484474681317806e-04,1.511189553000000000e+09,0.000000000000000000e+00
3.132449055556207895e-04,7.363909389823674071e-04,7.339880685321985591e-04,1.511189613000000000e+09,0.000000000000000000e+00
2.186025376431643963e-04,6.644654204137623310e-04,6.885823095217347145e-04,1.511189673000000000e+09,0.000000000000000000e+00
2.764357486739754135e-04,6.322010885924100876e-04,5.719661712646484375e-04,1.511189733000000000e+09,0.000000000000000000e+00
3.444320464041084051e-04,7.167043513618409634e-04,7.474954472854732383e-04,1.511189793000000000e+09,0.000000000000000000e+00
3.457238781265914440e-04,8.114136871881780840e-04,5.928214523009955883e-04,1.511189853000000000e+09,0.000000000000000000e+00
3.393031947780401057e-04,8.500180556438862193e-04,6.994233699515461922e-04,1.511189913000000000e+09,0.000000000000000000e+00
3.048084909096359665e-04,6.529224338009953499e-04,7.225304143503308296e-04,1.511189973000000000e+09,0.000000000000000000e+00
2.612528332974761724e-04,7.446735980920493603e-04,5.732770077884197235e-04,1.511190033000000000e+09,0.000000000000000000e+00
2.893756900448352641e-04,7.611865876242518425e-04,7.463009096682070602e-04,1.511190093000000000e+09,0.000000000000000000e+00
2.511880593374370987e-04,6.940433522686361182e-04,6.652231677435338497e-04,1.511190153000000000e+09,0.000000000000000000e+00
2.792597806546837091e-04,7.548495195806025375e-04,5.584784667007626187e-04,1.511190213000000000e+09,0.000000000000000000e+00
3.198240883648394996e-04,8.123175357468426228e-04,6.820896524004638195e-04,1.511190273000000000e+09,0.000000000000000000e+00
3.326557052787393332e-04,8.666635840199886668e-04,7.196316146291792393e-04,1.511190333000000000e+09,0.000000000000000000e+00
2.410244487691670385e-04,8.102305000647904657e-04,8.539514965377746928e-04,1.511190393000000000e+09,0.000000000000000000e+00
2.405967679806054181e-04,8.508890168741345406e-04,7.093580206856130469e-04,1.511190453000000000e+09,0.000000000000000000e+00
2.240223839180544019e-04,8.087418973445890166e-04,8.451161556877196919e-04,1.511190513000000000e+09,0.000000000000000000e+00
2.176547131966799498e-04,8.912453777156769145e-04,8.391737355850639127e-04,1.511190573000000000e+09,0.000000000000000000e+00
2.099601406371220675e-04,8.992945658974349499e-04,8.616512641310691833e-04,1.511190633000000000e+09,0.000000000000000000e+00
2.355812903260812434e-04,8.136865217238662459e-04,6.665624678134918213e-04,1.511190693000000000e+09,0.000000000000000000e+00
2.338150807190686464e-04,8.012547041289507259e-04,8.644653717055916786e-04,1.511190753000000000e+09,0.000000000000000000e+00
2.216729335486888614e-04,8.507845923304556716e-04,8.948093163780864801e-04,1.511190813000000000e+09,0.000000000000000000e+00
2.803966635838150978e-04,7.310412474907934666e-04,8.732521091587841511e-04,1.511190873000000000e+09,0.000000000000000000e+00
2.857868093997240067e-04,7.282319711521267891e-04,7.994438637979328632e-04,1.511190933000000000e+09,0.000000000000000000e+00
2.363065286772326177e-04,7.656575762666761875e-04,6.428628112189471722e-04,1.511190993000000000e+09,0.000000000000000000e+00
2.516543318051844835e-04,8.592557860538363457e-04,7.883461075834932111e-04,1.511191053000000000e+09,0.000000000000000000e+00
2.601463347673416138e-04,8.633139659650621630e-04,7.929893909022209860e-04,1.511191113000000000e+09,0.000000000000000000e+00
2.625604975037276745e-04,8.391754818148914252e-04,8.366645779460668564e-04,1.511191173000000000e+09,0.000000000000000000e+00
2.752986038103700226e-04,8.358127088285982609e-04,8.217490976676345956e-04,1.511191233000000000e+09,0.000000000000000000e+00
2.512229548301547766e-04,8.279025787487626076e-04,8.017599466256795145e-04,1.511191293000000000e+09,0.000000000000000000e+00
2.514968218747525865e-04,8.347595576196910035e-04,9.461899753659964692e-04,1.511191353000000000e+09,0.000000000000000000e+00
3.317587543278932571e-04,8.017498767003418099e-04,7.247375906445086002e-04,1.511191413000000000e+09,0.000000000000000000e+00
2.447590231895446235e-04,7.207987946458160877e-04,7.307712803594768047e-04,1.511191473000000000e+09,0.000000000000000000e+00
2.457929949741811102e-04,9.957783622667191244e-04,7.890823762863874435e-04,1.511191533000000000e+09,0.000000000000000000e+00
2.331121359020472115e-04,1.008051214739680290e-03,8.004582487046718597e-04,1.511191593000000000e+09,0.000000000000000000e+00
2.302077191416173902e-04,9.696269407868384231e-04,7.955118780955672264e-04,1.511191653000000000e+09,0.000000000000000000e+00
2.553974918555468321e-04,9.786529699340462685e-04,7.955713663250207901e-04,1.511191713000000000e+09,0.000000000000000000e+00
2.376719494350254265e-04,7.744818576611577380e-04,7.735242834314701773e-04,1.511191773000000000e+09,0.000000000000000000e+00
2.838851069100200588e-04,8.712363778613505579e-04,7.429437828250228274e-04,1.511191833000000000e+09,0.000000000000000000e+00
2.968724002130329609e-04,7.994397892616689205e-04,6.850669160485268723e-04,1.511191893000000000e+09,0.000000000000000000e+00
2.266932278871536255e-04,8.565899333916604519e-04,6.710244924761354923e-04,1.511191953000000000e+09,0.000000000000000000e+00
2.943559375125914812e-04,8.645306224934756756e-04,6.882631569169461727e-04,1.511192013000000000e+09,0.000000000000000000e+00
2.227356599178164926e-04,8.490718319080770016e-04,7.271551294252275336e-04,1.511192073000000000e+09,0.000000000000000000e+00
2.275676670251414180e-04,8.249097154475747455e-04,7.179351523518561233e-04,1.511192133000000000e+09,0.000000000000000000e+00
2.145842299796640873e-04,7.758312276564538479e-04,7.457997999154030193e-04,1.511192193000000000e+09,0.000000000000000000e+00
2.150908694602548805e-04,8.604063768871127475e-04,5.945214652456343174e-04,1.511192253000000000e+09,0.000000000000000000e+00
2.328416885575279865e-04,9.113447158597408641e-04,6.480637821368873119e-04,1.511192313000000000e+09,0.000000000000000000e+00
2.642231702338903600e-04,9.567559463903310083e-04,7.250445778481662273e-04,1.511192373000000000e+09,0.000000000000000000e+00
2.300592022947967866e-04,8.748904219828546047e-04,7.564166444353759289e-04,1.511192433000000000e+09,0.000000000000000000e+00
2.238935558125376430e-04,9.099546005018056523e-04,5.291773122735320438e-04,1.511192493000000000e+09,0.000000000000000000e+00
2.589091018307953531e-04,9.270287118852136351e-04,6.548151141032577645e-04,1.511192553000000000e+09,0.000000000000000000e+00
3.563213394954800606e-04,8.355978061445057392e-04,6.900697480887174606e-04,1.511192613000000000e+09,0.000000000000000000e+00
3.338324022479354793e-04,8.424296393059193004e-04,4.597764054778962785e-04,1.511192673000000000e+09,0.000000000000000000e+00
3.361341659910976345e-04,8.429293520748614181e-04,5.164545145817099918e-04,1.511192733000000000e+09,1.000000000000000000e+00
3.287508734501898289e-04,7.867107633501291275e-04,6.742869154550135136e-04,1.511192793000000000e+09,1.000000000000000000e+00
3.089620149694383144e-04,7.877385942265390266e-04,7.238357211463153362e-04,1.511192853000000000e+09,0.000000000000000000e+00
3.232114540878683329e-04,9.247868438251314379e-04,6.707356660626829755e-04,1.511192913000000000e+09,1.000000000000000000e+00
2.648752706591039896e-04,9.373239590786396373e-04,6.724388222210109234e-04,1.511192973000000000e+09,0.000000000000000000e+00
2.840249508153647184e-04,8.066514274105426397e-04,8.063575951382518899e-04,1.511193033000000000e+09,0.000000000000000000e+00
2.417130890535190430e-04,7.391021936200558055e-04,7.145946728996933591e-04,1.511193093000000000e+09,0.000000000000000000e+00
2.372040471527725187e-04,8.449278539046644080e-04,7.326585473492741585e-04,1.511193153000000000e+09,1.000000000000000000e+00
2.198237489210441709e-04,8.883809787221251834e-04,6.949978414922952652e-04,1.511193213000000000e+09,0.000000000000000000e+00
2.343111555092036724e-04,8.964943699538706649e-04,7.604018901474773884e-04,1.511193273000000000e+09,0.000000000000000000e+00
2.603177563287317211e-04,9.176726453006269716e-04,7.170306053012608398e-04,1.511193333000000000e+09,1.000000000000000000e+00
2.696456213016062975e-04,9.437628323212265968e-04,5.893233465030789375e-04,1.511193393000000000e+09,1.000000000000000000e+00
2.900497347582131624e-04,8.774510934017598629e-04,7.183908601291478764e-04,1.511193453000000000e+09,1.000000000000000000e+00
2.332076255697756735e-04,9.356221999041736126e-04,8.145147003233431686e-04,1.511193513000000000e+09,0.000000000000000000e+00
2.517747925594448501e-04,9.897622512653472208e-04,7.229308830574153770e-04,1.511193573000000000e+09,0.000000000000000000e+00
2.462527190800755132e-04,9.840076090767979622e-04,7.918491610325871814e-04,1.511193633000000000e+09,1.000000000000000000e+00
2.684938663151115179e-04,1.034887507557868741e-03,7.306147017516195774e-04,1.511193693000000000e+09,0.000000000000000000e+00
2.599381259642540866e-04,1.045696088112890720e-03,7.294846000149847161e-04,1.511193753000000000e+09,0.000000000000000000e+00
2.971211215481162613e-04,1.053177868016064167e-03,8.222893811762334000e-04,1.511193813000000000e+09,1.000000000000000000e+00
2.275769656989723715e-04,9.155821171589196813e-04,7.192028569988905299e-04,1.511193873000000000e+09,1.000000000000000000e+00
2.625999914016574079e-04,7.936446927487848021e-04,6.661540246568620205e-04,1.511193933000000000e+09,0.000000000000000000e+00
3.248066641390323639e-04,7.633280474692582000e-04,7.624542340636253357e-04,1.511193993000000000e+09,0.000000000000000000e+00
2.481505798641591722e-04,8.749273256398737431e-04,7.777658756822347641e-04,1.511194053000000000e+09,0.000000000000000000e+00
2.618081343825906515e-04,9.184806840494275093e-04,6.758655072189868581e-04,1.511194113000000000e+09,0.000000000000000000e+00
2.637612342368811369e-04,8.908753516152500022e-04,7.121377275325357914e-04,1.511194173000000000e+09,0.000000000000000000e+00
2.272645506309345094e-04,9.362491546198722448e-04,7.528073620051147722e-04,1.511194233000000000e+09,0.000000000000000000e+00
2.766477700788527727e-04,8.428638684563337672e-04,6.467003840953113817e-04,1.511194293000000000e+09,0.000000000000000000e+00
3.240672522224485874e-04,8.948302129283547401e-04,6.863665184937417507e-04,1.511194353000000000e+09,0.000000000000000000e+00
2.632886753417551517e-04,7.945845136418937553e-04,8.654200937598944795e-04,1.511194413000000000e+09,0.000000000000000000e+00
3.399135021027176488e-04,8.032692130655050278e-04,8.161736186593770981e-04,1.511194473000000000e+09,0.000000000000000000e+00
2.462537668179721182e-04,7.767478236928582191e-04,8.172520319931210172e-04,1.511194533000000000e+09,0.000000000000000000e+00
2.370693982811644944e-04,6.904274923726915229e-04,9.068934596143666182e-04,1.511194593000000000e+09,0.000000000000000000e+00
2.528496261220425367e-04,8.213399560190739416e-04,9.206585818901658058e-04,1.511194653000000000e+09,0.000000000000000000e+00
2.320485218660905686e-04,8.498555398546157099e-04,8.964568842202426087e-04,1.511194713000000000e+09,0.000000000000000000e+00
2.185979974456131458e-04,8.485717698931691862e-04,9.282154496759174086e-04,1.511194773000000000e+09,0.000000000000000000e+00
2.315505116712301698e-04,7.259275880642233111e-04,1.010694890283048153e-03,1.511194833000000000e+09,0.000000000000000000e+00
2.459269016981124878e-04,6.816406385041772235e-04,9.296649368479847908e-04,1.511194893000000000e+09,0.000000000000000000e+00
2.331409486941992694e-04,7.041929056867957115e-04,8.983039297163488649e-04,1.511194953000000000e+09,0.000000000000000000e+00
2.262117341160774502e-04,7.884808001108466495e-04,8.331967983394860137e-04,1.511195013000000000e+09,0.000000000000000000e+00
2.646622597239911556e-04,8.063266286626458168e-04,1.044858130626380444e-03,1.511195073000000000e+09,0.000000000000000000e+00
2.905224100686609745e-04,8.796991314738987792e-04,8.195327827706933022e-04,1.511195133000000000e+09,0.000000000000000000e+00
2.617190475575625354e-04,9.151148260571062565e-04,1.005542930215597153e-03,1.511195193000000000e+09,0.000000000000000000e+00
2.271583216497674313e-04,8.008574950508772243e-04,7.864328217692674291e-04,1.511195253000000000e+09,0.000000000000000000e+00
3.385072050150483847e-04,9.675368783064185489e-04,8.276377920992671359e-04,1.511195313000000000e+09,0.000000000000000000e+00
3.373962535988538915e-04,9.023709571920334209e-04,8.175878901965917241e-04,1.511195373000000000e+09,0.000000000000000000e+00
2.468305174261331558e-04,8.291176636703311313e-04,9.198411135002968527e-04,1.511195433000000000e+09,0.000000000000000000e+00
2.636248536873609370e-04,8.465743740089236606e-04,8.082565618678926337e-04,1.511195493000000000e+09,0.000000000000000000e+00
3.203292726539075917e-04,7.950483704917132854e-04,9.004271123558281768e-04,1.511195553000000000e+09,0.000000000000000000e+00
3.211618750356137753e-04,7.258937694132328033e-04,8.855120977386832237e-04,1.511195613000000000e+09,0.000000000000000000e+00
2.915931690949946100e-04,8.763170917518436909e-04,8.521489799022673476e-04,1.511195673000000000e+09,0.000000000000000000e+00
3.391040663700551337e-04,9.458905551582575929e-04,8.037761435844003070e-04,1.511195733000000000e+09,0.000000000000000000e+00
3.491288225632160902e-04,9.380472474731506001e-04,9.467283962294460427e-04,1.511195793000000000e+09,0.000000000000000000e+00
3.088488592766225338e-04,9.105337085202336311e-04,8.085020235739648342e-04,1.511195853000000000e+09,0.000000000000000000e+00
2.903900749515742064e-04,8.551292121410370957e-04,7.209202158264816892e-04,1.511195913000000000e+09,0.000000000000000000e+00
3.564956132322549820e-04,8.853559847921133041e-04,8.173501119017602097e-04,1.511195973000000000e+09,0.000000000000000000e+00
2.290040138177574223e-04,7.873772992752493512e-04,7.336692069657146931e-04,1.511196033000000000e+09,0.000000000000000000e+00
2.417044306639581106e-04,8.557701366953550685e-04,7.804771885275839675e-04,1.511196093000000000e+09,0.000000000000000000e+00
2.791537554003298283e-04,8.271256810985503412e-04,7.586613064631819725e-04,1.511196153000000000e+09,0.000000000000000000e+00
3.032748354598880356e-04,9.235675097443164479e-04,8.371354197151960027e-04,1.511196213000000000e+09,0.000000000000000000e+00
2.821634989231824875e-04,9.146283846348525178e-04,6.825203308835624564e-04,1.511196273000000000e+09,0.000000000000000000e+00
2.936590753961354494e-04,8.626064518466591835e-04,8.298532920889555324e-04,1.511196333000000000e+09,0.000000000000000000e+00
2.790444123093038797e-04,8.907506125979125500e-04,9.190810378640889037e-04,1.511196393000000000e+09,0.000000000000000000e+00
2.398510841885581070e-04,8.356107282452285290e-04,7.941787480376658655e-04,1.511196453000000000e+09,0.000000000000000000e+00
2.117681870004162192e-04,8.423856343142688274e-04,7.474104641005395759e-04,1.511196513000000000e+09,0.000000000000000000e+00
2.568798081483691931e-04,8.610151126049458981e-04,6.969568203203380108e-04,1.511196573000000000e+09,0.000000000000000000e+00
2.639201993588358164e-04,7.975224289111794125e-04,7.104524411261081696e-04,1.511196633000000000e+09,0.000000000000000000e+00
2.385837142355740341e-04,7.809916278347373009e-04,7.713583181612193584e-04,1.511196693000000000e+09,0.000000000000000000e+00
2.301247441209852967e-04,7.760977605357766151e-04,7.771162781864403594e-04,1.511196753000000000e+09,0.000000000000000000e+00
2.892636694014072418e-04,7.497800979763270509e-04,8.515132358297704566e-04,1.511196813000000000e+09,0.000000000000000000e+00
2.482062263879925013e-04,7.885129307396709919e-04,6.544321076944471490e-04,1.511196873000000000e+09,0.000000000000000000e+00
2.341126237297430092e-04,7.887983811087904192e-04,8.171968511305749416e-04,1.511196933000000000e+09,0.000000000000000000e+00
2.458355447743088007e-04,9.066414204426109791e-04,8.302836213260890138e-04,1.511196993000000000e+09,0.000000000000000000e+00
2.524218871258199215e-04,9.280476369895040989e-04,6.547941011376680028e-04,1.511197053000000000e+09,0.000000000000000000e+00
2.495389780960976535e-04,9.099324815906584263e-04,8.075349614955484867e-04,1.511197113000000000e+09,0.000000000000000000e+00
2.489955513738096302e-04,8.754553855396806110e-04,8.295765728689729083e-04,1.511197173000000000e+09,0.000000000000000000e+00
2.225497009931131926e-04,9.127168450504541397e-04,9.279517689719795097e-04,1.511197233000000000e+09,0.000000000000000000e+00
2.231658872915432128e-04,9.185712551698087562e-04,7.093573221936821938e-04,1.511197293000000000e+09,0.000000000000000000e+00
2.132814115611836314e-04,9.062494500540195811e-04,8.338502375409007072e-04,1.511197353000000000e+09,0.000000000000000000e+00
2.055248187389224768e-04,8.781714132055639136e-04,6.923915934748948705e-04,1.511197413000000000e+09,0.000000000000000000e+00
2.289909461978822675e-04,9.095580317080021989e-04,7.837572484277187694e-04,1.511197473000000000e+09,0.000000000000000000e+00
2.147837512893602252e-04,8.590240613557400488e-04,6.572223501279949058e-04,1.511197533000000000e+09,0.000000000000000000e+00
2.239811728941276941e-04,8.622594759799538959e-04,8.068797178566452588e-04,1.511197593000000000e+09,0.000000000000000000e+00
2.274609141750260645e-04,7.748651551082729209e-04,7.156546344049274921e-04,1.511197653000000000e+09,0.000000000000000000e+00
2.466932346578687429e-04,7.104393444024024225e-04,7.985430420376360416e-04,1.511197713000000000e+09,0.000000000000000000e+00
2.813564206007868052e-04,7.769885123707352985e-04,8.710714755579829216e-04,1.511197773000000000e+09,0.000000000000000000e+00
2.701642806641757488e-04,7.663815049454569817e-04,8.514836081303656101e-04,1.511197833000000000e+09,0.000000000000000000e+00
2.707174862734972889e-04,8.209930383600293506e-04,8.286623051390052926e-04,1.511197893000000000e+09,0.000000000000000000e+00
2.213227417087182674e-04,7.294456590898336064e-04,7.877847529016435146e-04,1.511197953000000000e+09,0.000000000000000000e+00
2.199216978624463352e-04,7.934500463306903839e-04,7.988316356204449046e-04,1.511198013000000000e+09,0.000000000000000000e+00
2.650981186889111996e-04,7.807458168826997280e-04,5.833868053741752017e-04,1.511198073000000000e+09,0.000000000000000000e+00
2.840682573150843382e-04,7.795138517394661903e-04,6.863746093586088311e-04,1.511198133000000000e+09,0.000000000000000000e+00
2.293387806275859475e-04,7.789745577611028064e-04,7.092573796398938786e-04,1.511198193000000000e+09,0.000000000000000000e+00
2.550217031966894323e-04,8.300955523736776006e-04,6.015682592988014221e-04,1.511198253000000000e+09,0.000000000000000000e+00
2.576540573500096256e-04,8.157530101016164910e-04,7.005311781540514123e-04,1.511198313000000000e+09,0.000000000000000000e+00
2.850987075362355059e-04,8.649678202345965124e-04,7.680513081140816212e-04,1.511198373000000000e+09,0.000000000000000000e+00
2.942231076303869486e-04,8.191004162654280663e-04,6.699701771140098572e-04,1.511198433000000000e+09,0.000000000000000000e+00
2.944212174043059349e-04,8.255264256149529327e-04,7.523218519054355406e-04,1.511198493000000000e+09,0.000000000000000000e+00
2.644859778229147196e-04,8.110429043881595135e-04,6.884914473630489003e-04,1.511198553000000000e+09,0.000000000000000000e+00
2.449594030622392351e-04,8.011143072508275509e-04,7.988811703398822654e-04,1.511198613000000000e+09,0.000000000000000000e+00
2.895516809076070786e-04,6.707350257784127105e-04,7.770150550641120564e-04,1.511198673000000000e+09,0.000000000000000000e+00
2.661111357156186754e-04,7.441029301844538342e-04,9.090397506952284682e-04,1.511198733000000000e+09,0.000000000000000000e+00
2.801131049636751955e-04,8.517018286511303079e-04,7.050566491670907628e-04,1.511198793000000000e+09,0.000000000000000000e+00
2.887011214625090361e-04,8.057836093939839709e-04,8.762078359723091125e-04,1.511198853000000000e+09,0.000000000000000000e+00
2.581065054982900620e-04,7.480792119167745113e-04,8.312860736623406410e-04,1.511198913000000000e+09,0.000000000000000000e+00
2.552732476033270359e-04,7.395078428089618683e-04,6.519479793496431004e-04,1.511198973000000000e+09,0.000000000000000000e+00
2.766503021121024543e-04,6.869347416795790195e-04,7.123253890313208103e-04,1.511199033000000000e+09,0.000000000000000000e+00
2.611508534755558318e-04,7.554343901574611664e-04,7.235066150315108083e-04,1.511199093000000000e+09,0.000000000000000000e+00
2.867962175514549017e-04,7.357185240834950317e-04,7.481912034563719142e-04,1.511199153000000000e+09,0.000000000000000000e+00
2.822225214913487976e-04,8.619136060588060725e-04,6.701307138428093087e-04,1.511199213000000000e+09,0.000000000000000000e+00
2.253497514175250855e-04,7.654498331248761308e-04,8.416709606535731662e-04,1.511199273000000000e+09,0.000000000000000000e+00
2.186675119446590272e-04,7.374547421932220459e-04,7.596889627166092396e-04,1.511199333000000000e+09,0.000000000000000000e+00
2.323723601875826716e-04,7.802387117408216000e-04,7.320196018554270267e-04,1.511199393000000000e+09,0.000000000000000000e+00
2.109937631757929650e-04,7.811845862306654453e-04,7.114543113857506621e-04,1.511199453000000000e+09,0.000000000000000000e+00
2.201501192757859826e-04,6.551819387823343277e-04,8.275302825495601785e-04,1.511199513000000000e+09,0.000000000000000000e+00
2.259990287711844119e-04,7.725922041572630405e-04,7.585316780023276806e-04,1.511199573000000000e+09,0.000000000000000000e+00
2.335152967134490338e-04,7.947676349431276321e-04,6.789996405132113803e-04,1.511199633000000000e+09,0.000000000000000000e+00
2.333991433260962909e-04,6.875631515868007053e-04,8.290722616948187351e-04,1.511199693000000000e+09,0.000000000000000000e+00
2.393321919953450290e-04,7.769620278850197792e-04,7.450985722243786942e-04,1.511199753000000000e+09,0.000000000000000000e+00
2.588822389952838963e-04,7.852421258576214314e-04,8.677186560817062855e-04,1.511199813000000000e+09,0.000000000000000000e+00
2.246817894047125903e-04,8.095322991721330989e-04,8.107915637083350528e-04,1.511199873000000000e+09,0.000000000000000000e+00
2.346754336031153798e-04,9.655025787651538849e-04,7.945174002088606358e-04,1.511199933000000000e+09,0.000000000000000000e+00
2.317635517101734877e-04,9.463384049013255942e-04,7.520709768868982792e-04,1.511199993000000000e+09,0.000000000000000000e+00
2.268014941364526478e-04,9.217690094374119151e-04,7.448040414601564407e-04,1.511200053000000000e+09,0.000000000000000000e+00
2.166869235225021568e-04,9.188102558255197786e-04,9.353403584100307118e-04,1.511200113000000000e+09,0.000000000000000000e+00
2.103689330397173491e-04,8.420994272455573082e-04,1.048987149260937951e-03,1.511200173000000000e+09,0.000000000000000000e+00
2.131375367753207955e-04,8.711044793017209660e-04,8.684971253387631070e-04,1.511200233000000000e+09,0.000000000000000000e+00
2.149205829482525045e-04,1.012719469144940376e-03,7.450487464666366577e-04,1.511200293000000000e+09,0.000000000000000000e+00
2.401090750936419043e-04,1.001423923298716328e-03,9.116965811699628830e-04,1.511200353000000000e+09,0.000000000000000000e+00
2.211409446317702532e-04,8.124798769131302834e-04,8.933895733207465302e-04,1.511200413000000000e+09,0.000000000000000000e+00
2.255694707855582508e-04,9.546040091663601183e-04,9.482631576247513294e-04,1.511200473000000000e+09,0.000000000000000000e+00
2.537926193326711655e-04,9.806981543079016424e-04,9.042926249094306338e-04,1.511200533000000000e+09,0.000000000000000000e+00
2.414247719570994648e-04,9.121863986365496028e-04,9.806692833080887794e-04,1.511200593000000000e+09,0.000000000000000000e+00
2.397042117081582546e-04,8.289737161248922348e-04,1.020762952975929000e-03,1.511200653000000000e+09,0.000000000000000000e+00
2.498293761163949966e-04,7.497450569644569266e-04,9.439173736609517444e-04,1.511200713000000000e+09,0.000000000000000000e+00
2.238971646875143051e-04,7.546183769591152668e-04,8.746199891902506351e-04,1.511200773000000000e+09,0.000000000000000000e+00
2.346748369745910168e-04,7.411791593767702579e-04,9.645734098739922047e-04,1.511200833000000000e+09,0.000000000000000000e+00
2.151147782569751143e-04,6.827576435171068799e-04,9.250786388292908669e-04,1.511200893000000000e+09,0.000000000000000000e+00
2.162989258067682385e-04,7.139182416722176291e-04,9.698721696622669697e-04,1.511200953000000000e+09,0.000000000000000000e+00
2.337178011657669869e-04,7.837976445443928242e-04,9.727787110023199428e-04,1.511201013000000000e+09,0.000000000000000000e+00
2.255952131235972047e-04,8.878196240402758121e-04,9.025047183968126774e-04,1.511201073000000000e+09,0.000000000000000000e+00
2.219833259005099535e-04,7.804589695297179438e-04,9.827512549236416817e-04,1.511201133000000000e+09,0.000000000000000000e+00
2.267898089485242692e-04,7.461988716386257518e-04,9.828354232013225555e-04,1.511201193000000000e+09,0.000000000000000000e+00
2.400806115474551645e-04,8.062630658969283104e-04,6.764239515177906644e-04,1.511201253000000000e+09,0.000000000000000000e+00
2.423528349027037078e-04,8.127361652441321719e-04,7.713907398283481598e-04,1.511201313000000000e+09,0.000000000000000000e+00
2.190761879319324818e-04,7.780682644806802273e-04,8.232967229560017586e-04,1.511201373000000000e+09,0.000000000000000000e+00
2.386187115916982293e-04,8.416457567363977432e-04,8.208911749534308910e-04,1.511201433000000000e+09,0.000000000000000000e+00
2.279239415656775507e-04,9.263662504963575709e-04,7.396962610073386539e-04,1.511201493000000000e+09,0.000000000000000000e+00
2.372472226852551374e-04,8.142569568008183349e-04,6.933036493137480997e-04,1.511201553000000000e+09,0.000000000000000000e+00
2.324639353901147842e-04,8.928043534979224205e-04,7.098839269019663334e-04,1.511201613000000000e+09,0.000000000000000000e+00
2.251045661978423866e-04,8.988683694042265415e-04,7.032450521364808083e-04,1.511201673000000000e+09,0.000000000000000000e+00
2.423587575322016532e-04,9.010267094708978046e-04,7.417029701173305511e-04,1.511201733000000000e+09,0.000000000000000000e+00
2.220159076387062398e-04,8.014649502001701701e-04,7.156328647397457469e-04,1.511201793000000000e+09,0.000000000000000000e+00
2.286756789544596726e-04,9.239118080586194992e-04,7.492382428608833659e-04,1.511201853000000000e+09,0.000000000000000000e+00
2.496501838322728872e-04,9.010721696540713310e-04,7.597334333695469118e-04,1.511201913000000000e+09,0.000000000000000000e+00
2.466181758791208267e-04,8.976683020591734756e-04,7.139462977647781372e-04,1.511201973000000000e+09,0.000000000000000000e+00
2.276810555486008254e-04,8.286045049317181110e-04,5.616726703010499477e-04,1.511202033000000000e+09,0.000000000000000000e+00
2.376475022174417430e-04,8.257604204118252885e-04,6.904740002937614918e-04,1.511202093000000000e+09,0.000000000000000000e+00
2.331864379812032255e-04,8.354947785846887935e-04,7.349840016104280949e-04,1.511202153000000000e+09,0.000000000000000000e+00
2.300406194990501079e-04,8.255513384938240051e-04,7.760509033687411655e-04,1.511202213000000000e+09,0.000000000000000000e+00
2.317299804417415911e-04,8.407107088714839112e-04,7.896982715465128422e-04,1.511202273000000000e+09,0.000000000000000000e+00
2.239318419015035033e-04,8.235996356233953345e-04,7.279607234522701394e-04,1.511202333000000000e+09,0.000000000000000000e+00
2.516394888516514951e-04,9.287883876822888851e-04,6.326336879283189774e-04,1.511202393000000000e+09,0.000000000000000000e+00
2.379942161496728930e-04,9.762117406353355538e-04,6.578927277587353099e-04,1.511202453000000000e+09,0.000000000000000000e+00
2.332247677259146896e-04,9.582972852513193000e-04,7.350787054747343063e-04,1.511202513000000000e+09,0.000000000000000000e+00
2.290839474881067872e-04,8.674574783071874488e-04,7.875380106270311095e-04,1.511202573000000000e+09,0.000000000000000000e+00
2.369321591686457125e-04,8.330697310157120228e-04,7.147036958485841751e-04,1.511202633000000000e+09,0.000000000000000000e+00
2.397148200543597070e-04,9.746158029884101045e-04,7.893078727647662163e-04,1.511202693000000000e+09,0.000000000000000000e+00
2.460875839460640604e-04,9.701699600555001605e-04,8.521277341060339320e-04,1.511202753000000000e+09,0.000000000000000000e+00
2.212647523265331441e-04,9.364400175400076128e-04,8.130901842378079891e-04,1.511202813000000000e+09,0.000000000000000000e+00
2.132551890099420872e-04,7.984912372194230556e-04,8.494338253512979638e-04,1.511202873000000000e+09,0.000000000000000000e+00
2.179141447413713011e-04,7.555033080279827118e-04,8.343840599991379000e-04,1.511202933000000000e+09,0.000000000000000000e+00
2.242226037196815556e-04,7.364199263975024223e-04,7.540608057752250541e-04,1.511202993000000000e+09,0.000000000000000000e+00
2.303162036696448109e-04,8.529582992196083069e-04,7.662882562726736069e-04,1.511203053000000000e+09,0.000000000000000000e+00
2.177808783017098904e-04,8.493163622915743697e-04,7.206893642432987690e-04,1.511203113000000000e+09,0.000000000000000000e+00
2.317312755621969700e-04,8.212350658141075481e-04,7.975145126692950726e-04,1.511203173000000000e+09,0.000000000000000000e+00
2.265682851430028677e-04,8.337410981766879559e-04,7.463312940672039986e-04,1.511203233000000000e+09,0.000000000000000000e+00
2.426886057946830446e-04,9.294223273172972418e-04,7.158808293752372265e-04,1.511203293000000000e+09,0.000000000000000000e+00
2.336699399165808612e-04,8.833302999846637249e-04,8.547500474378465522e-04,1.511203353000000000e+09,0.000000000000000000e+00
2.442217664793133736e-04,7.928498089313507080e-04,7.560546509921550751e-04,1.511203413000000000e+09,0.000000000000000000e+00
2.332063013454899463e-04,8.283762144856154919e-04,7.738426211290060390e-04,1.511203473000000000e+09,0.000000000000000000e+00
2.362548693781718341e-04,7.575507625006139278e-04,7.306514889933167804e-04,1.511203533000000000e+09,0.000000000000000000e+00
2.518286346457898075e-04,7.415075669996440411e-04,7.392941624857484210e-04,1.511203593000000000e+09,0.000000000000000000e+00
2.420420350972563570e-04,7.862642523832619190e-04,6.955302669666708600e-04,1.511203653000000000e+09,1.000000000000000000e+00
2.578379062470048666e-04,7.685213931836188924e-04,7.107735145837068558e-04,1.511203713000000000e+09,1.000000000000000000e+00
2.215258427895605022e-04,8.416185155510902405e-04,6.539971218444405902e-04,1.511203773000000000e+09,1.000000000000000000e+00
2.277249732287600636e-04,8.020458044484257698e-04,7.313450914807617664e-04,1.511203833000000000e+09,0.000000000000000000e+00
2.322619548067450252e-04,9.241754305548967015e-04,7.593894843012094498e-04,1.511203893000000000e+09,0.000000000000000000e+00
2.398699580226093260e-04,8.435487397946418416e-04,8.757556206546723843e-04,1.511203953000000000e+09,1.000000000000000000e+00
2.174768160330132192e-04,7.942488300614060056e-04,8.044752757996320724e-04,1.511204013000000000e+09,0.000000000000000000e+00
2.486734301783144474e-04,9.203398367390035499e-04,8.250217069871723652e-04,1.511204073000000000e+09,0.000000000000000000e+00
2.586833143141120672e-04,9.422271396033464778e-04,6.651160074397921562e-04,1.511204133000000000e+09,1.000000000000000000e+00
2.681333862710744143e-04,9.016530821099877357e-04,7.333457469940185547e-04,1.511204193000000000e+09,1.000000000000000000e+00
2.403204853180795908e-04,8.514637011103333127e-04,6.676166085526347160e-04,1.511204253000000000e+09,0.000000000000000000e+00
2.457921800669282133e-04,7.655662484467027403e-04,7.878378964960574020e-04,1.511204313000000000e+09,0.000000000000000000e+00
2.353629533899948272e-04,8.247607038356363773e-04,7.827718509361150049e-04,1.511204373000000000e+09,0.000000000000000000e+00
2.356672921450808644e-04,8.515510126017032970e-04,8.426321437582372535e-04,1.511204433000000000e+09,0.000000000000000000e+00
2.565579488873481208e-04,7.480567437596619129e-04,7.870021509006619453e-04,1.511204493000000000e+09,1.000000000000000000e+00
2.330861898371949792e-04,8.497390663251280785e-04,7.357682334259150244e-04,1.511204553000000000e+09,1.000000000000000000e+00
2.296462917001917416e-04,8.756809984333812106e-04,6.239580106921494007e-04,1.511204613000000000e+09,0.000000000000000000e+00
2.364875981584191322e-04,9.003286249935626984e-04,8.759234915487468243e-04,1.511204673000000000e+09,0.000000000000000000e+00
2.143702586181461540e-04,9.035036782734096050e-04,6.938190199434757233e-04,1.511204733000000000e+09,0.000000000000000000e+00
2.404087717877700654e-04,9.242239757440986418e-04,5.889525637030602586e-04,1.511204793000000000e+09,0.000000000000000000e+00
2.390415320405736295e-04,9.329095482826233994e-04,5.448315059766173363e-04,1.511204853000000000e+09,0.000000000000000000e+00
2.794765459839254618e-04,8.685424108989535678e-04,7.105543045327067375e-04,1.511204913000000000e+09,0.000000000000000000e+00
2.373313182033598694e-04,8.525251760147511959e-04,6.285221315920354020e-04,1.511204973000000000e+09,0.000000000000000000e+00
2.385376137681305137e-04,8.838999783620238304e-04,7.273687515407799590e-04,1.511205033000000000e+09,0.000000000000000000e+00
2.445219724904745817e-04,8.444121340289711952e-04,9.039558935910464417e-04,1.511205093000000000e+09,0.000000000000000000e+00
